epoch,lr,loss,iou,val_loss,val_iou,val_dice
0,0.0001,1.0330143428984142,0.2889627484189976,1.1051614738646007,0.32617288718015647,0.4904125075032436
1,0.0001,0.9479441103481111,0.4047407590845162,1.0629495666140603,2.0817220399872097e-10,4.163444077325539e-10
2,0.0001,0.9107771146865118,0.4496290593866348,1.0457527751014346,2.0817220399872097e-10,4.163444077325539e-10
3,0.0001,0.889651167960394,0.4629481240496145,1.020020150002979,0.22249652417792123,0.3594431335180938
4,0.0001,0.8596257709321522,0.5065382063021864,0.898799995581309,0.44056201624003744,0.606915913182046
5,0.0001,0.8478867780594599,0.5127106801674591,0.9176495642889113,0.40962745207210205,0.5762016598663059
6,0.0001,0.8387862330391294,0.5211635560322456,0.8865691423416138,0.4414853466949265,0.6095644633226488
7,0.0001,0.8270017192477271,0.5297782464975967,0.9060975086121332,0.44681059652013,0.6132536520883993
8,0.0001,0.8269771734873453,0.5340175539473553,0.993212762333098,0.3195605708769679,0.4816522221048921
9,0.0001,0.8056475321451823,0.5550189003700352,0.8719410442170643,0.5090286518227062,0.6682135806146976
10,0.0001,0.8036343540464129,0.546986297088813,0.8733586016155425,0.47088559826783677,0.6355329158508398
11,0.0001,0.8011947841871352,0.547868158211781,0.8931002758798146,0.42938054847913276,0.5962437939092301
12,0.0001,0.798618305297125,0.5436362821710828,0.8832086409841265,0.4407610863923238,0.6077262990009481
13,0.0001,0.7829576134681702,0.5724622656703042,0.8928174262955075,0.4269148461416237,0.5956753362031116
14,0.0001,0.7825114358039129,0.5589986345807416,0.8559108262970334,0.4722300777960481,0.6377592117223634
15,0.0001,0.7855619078590756,0.5519442685676889,0.881781742686317,0.4436747108909521,0.610742096389776
16,0.0001,0.7732196563766116,0.5602350492337692,0.8823265035947164,0.4314693025513048,0.6017896058680884
17,0.0001,0.7685883896691459,0.5698349129897535,0.8651942695890155,0.4739859236359817,0.6381741853032752
18,0.0001,0.7652666909354073,0.5630780817592647,0.8244014268829709,0.5014696728650131,0.664024665471561
19,0.0001,0.7575036656288874,0.5759015276412762,0.8384192188580831,0.4871900101776185,0.6517312538705217
20,0.0001,0.7494915695417494,0.596294669518104,0.7795089398111615,0.5554270722276373,0.7100408933801281
21,0.0001,0.7482805479140509,0.5822519105116154,0.8195556458972749,0.4948578980374656,0.6575066371752908
22,0.0001,0.7455799778302511,0.578101205805256,0.8323541482289633,0.4645204928076582,0.6306395874883551
23,0.0001,0.7311182703290667,0.6095378482757418,0.8754839641707284,0.4440721420706949,0.6120990821132094
24,0.0001,0.7353897066343398,0.5787262413204135,0.8296004306702387,0.4615360708476726,0.6295954975998983
25,0.0001,0.7197967483883813,0.6191795927083816,0.8294541977700733,0.4842885699447893,0.6470322619907213
26,0.0001,0.7268637106532142,0.5927134640336514,0.8076621237255278,0.48669795506502145,0.6502419035473849
27,0.0001,0.7132937879789443,0.6190156610007583,0.8190468578111558,0.4631382474224559,0.6276444692300792
28,0.0001,0.7193540646916344,0.5916663684527625,0.812278878121149,0.4731861540455055,0.6405809683904299
29,0.0001,0.7070777472995576,0.6074428201910157,0.7794421570641654,0.500111711289487,0.6622330698338655
30,0.0001,0.7003312536648342,0.6174357883273652,0.7799922057560512,0.5211124744614669,0.6818402357450156
31,0.0001,0.6914126504035223,0.6223296320079411,0.8125311022713071,0.4697302013339188,0.6357144733927301
32,0.0001,0.6920133233070374,0.6187833385316116,0.7417566151846022,0.5563663132725886,0.7092761128180455
33,0.0001,0.6816395549547105,0.6305818804642188,0.7828793128331503,0.5116927378243672,0.6713485972907363
34,0.0001,0.6809748042197454,0.6265107742669835,0.8235874232791719,0.4298626909093756,0.5977275504376961
35,0.0001,0.6750710918789818,0.632403108675587,0.8241863790012541,0.43420442638029205,0.6029990547586211
36,0.0001,0.6803699135780334,0.6204269952985738,0.767481213524228,0.544357684484333,0.7027364852678325
37,0.0001,0.6656662906919207,0.6308582282878825,0.7752963701883951,0.5503738150603619,0.7063568205503523
38,0.0001,0.6701930222057161,0.6232318707896065,0.7426804871786208,0.5268470684328487,0.6868394553857629
39,0.0001,0.6508094640005202,0.6673791745220112,0.771672819341932,0.5088564481501697,0.6687878290697641
40,0.0001,0.6546952469008309,0.6313615767596167,0.7749037657465253,0.5009967772273655,0.6605486704693915
41,0.0001,0.6512872576713562,0.635124902110179,0.7259361005964733,0.5400764244009363,0.6972432128329134
42,0.0001,0.6416679876191276,0.6548524673368419,0.7516951220376151,0.5186085555576634,0.6773291184228482
43,0.0001,0.6342559314909435,0.6625925047188735,0.7137221892674764,0.5419158590795655,0.7017011751529497
44,0.0001,0.63748166958491,0.6400143829377029,0.762013106119065,0.5018112281763127,0.661601962169887
45,0.0001,0.6315580308437347,0.6566032547634995,0.7305860576175508,0.5370830637265295,0.6946660291259067
46,0.0001,0.6243588101296198,0.6633441360437443,0.7788269094058445,0.4540113361023162,0.6193222096598129
47,0.0001,0.6296080067044213,0.6472798259599577,0.7733817554655529,0.4865307637454115,0.6517536636812862
48,0.0001,0.622309467622212,0.6597656940535119,0.7024134681338355,0.5570397625753297,0.7101559784416167
49,0.0001,0.6241551552500043,0.63976270031217,0.690080634185246,0.566592310765054,0.7175601986538562
50,0.0001,0.6124830529803321,0.6483367892794435,0.734338314760299,0.5247251345785449,0.6859325897914376
51,0.0001,0.6036559896809714,0.6709648701512734,0.723703214100429,0.5254467224814581,0.6845641942885871
52,0.0001,0.5988925723802476,0.6718709186542602,0.707610377243587,0.5243311879542384,0.6852341330810147
53,0.0001,0.5958446051393237,0.6659669450266728,0.7084580631483168,0.5247158734190177,0.6857614965211135
54,0.0001,0.5967837146350315,0.6561195437158578,0.7504768201283046,0.4706751802313559,0.6389415100376798
55,0.0001,0.5884715971492586,0.6706995482784909,0.6554598978587559,0.5897136194601404,0.7362223303368367
56,0.0001,0.584583159003939,0.6595151528825852,0.6822086146899632,0.5556404567898822,0.7102020432178102
57,0.0001,0.5683482175781613,0.6926484964982507,0.7222698245729718,0.4985197654306021,0.6626625815795089
58,0.0001,0.5729394015811738,0.679816011426298,0.6473579378355117,0.5732690872573523,0.72563989505214
59,0.0001,0.5719010191304343,0.6794229798486439,0.6578891986892337,0.586113861395957,0.7368737046232127
60,0.0001,0.568279606955392,0.6713219068000468,0.6792496357645307,0.5462799089179154,0.7036507888749028
61,0.0001,0.5618529944192796,0.6875338712418986,0.6679058557464963,0.5470105390507374,0.7059691561744607
62,0.0001,0.5695454251198542,0.6653241387924228,0.6810603170167833,0.5341638760639124,0.6916774364895594
63,0.0001,0.5609310070673624,0.6826627863420148,0.6923480516388303,0.5246137895951426,0.6850563819378293
64,0.0001,0.5563414338089171,0.6709599327435221,0.740398245198386,0.4591736404847996,0.6277637881474752
65,0.0001,0.5610512693723043,0.6639811581187367,0.704743850798834,0.49555994754643456,0.6555345488089552
66,0.0001,0.5561426665101733,0.666500141606999,0.6246416284924462,0.5691307899820683,0.7202744124379502
67,0.0001,0.5378166664214361,0.7011755637668168,0.6470604340235392,0.5386275168138215,0.6956796429159696
68,0.0001,0.5345873037974039,0.6912542217765972,0.6645849943161011,0.5315058297275647,0.6909850300787067
69,0.0001,0.5162028556778318,0.7142212773822098,0.654316782951355,0.5510795176928637,0.70675767724077
70,0.0001,0.5381499415352231,0.6787128032871098,0.6476501879237947,0.5354117567221243,0.6920614767292129
71,0.0001,0.5294643072854905,0.687691690552995,0.6348927787372044,0.5654511263582157,0.7162255314098396
72,0.0001,0.510746303058806,0.7181855721416646,0.6839051416942051,0.5062500291497237,0.6673932744682316
73,0.0001,0.5142080116839636,0.6951230578267723,0.6006853949455988,0.6013444291747716,0.747716664394257
74,0.0001,0.5136952329249609,0.6949824914606593,0.7062795389266241,0.5075824977324563,0.6690400865043052
75,0.0001,0.5214003778639293,0.6844638151236457,0.6057148235184806,0.5629861894766796,0.7157968179592734
76,0.0001,0.5036075966698783,0.7039627905556541,0.6032587204660688,0.5737256951009352,0.7238662342534258
77,0.0001,0.5157211635793958,0.6809208338567704,0.6419239072572618,0.5476614622538336,0.7028874265759752
78,0.0001,0.4953185518582662,0.715809607835291,0.6561722131002516,0.5280592908162969,0.6866272825805184
79,0.0001,0.49198823883419945,0.7201369717222322,0.6280599974450611,0.5501524333270177,0.7061420428901564
80,0.0001,0.4984713707651411,0.6964611501719388,0.587272808665321,0.5928171826476651,0.7402894828141167
81,0.0001,0.4949745663574764,0.7033503102371487,0.6164108883766901,0.5605727621201488,0.7159464215761198
82,0.0001,0.49207283059755963,0.7042510203366762,0.58934162628083,0.5882424081189592,0.7368286027878493
83,0.0001,0.4829761272385007,0.7055904796331314,0.622090254511152,0.539109394621669,0.6976670012826454
84,0.0001,0.4761315825439635,0.7082596784823506,0.5737955399921962,0.5747771627395812,0.7255711308206546
85,0.0001,0.48307896511895315,0.7009124166397642,0.6274568864277431,0.5441078667123568,0.7008890426390131
86,0.0001,0.472919945205961,0.7103018149647771,0.6062434968494234,0.55164250077696,0.7070704613945841
87,0.0001,0.4777267348198664,0.6967660638448521,0.5836555276598249,0.5856749274024888,0.7346077510636004
88,0.0001,0.4635923377105168,0.7205776805084435,0.5945797534216017,0.5588280525542819,0.7122181615065509
89,0.0001,0.46264941351754324,0.7108995477968909,0.5889320969581604,0.5825610420718668,0.7348962418541669
90,0.0001,0.4567304083279201,0.717107287294815,0.5978927271706718,0.5584968012799582,0.7113547750986581
91,0.0001,0.4473999866417476,0.7286516194540195,0.572579352628617,0.5847893381677568,0.734005062727072
92,0.0001,0.43962032880101887,0.7361576706966301,0.5771911570004055,0.559647461846413,0.7131080904724605
93,0.0001,0.4293734544799441,0.7519132035117482,0.5524915598687672,0.5961599940086562,0.7420499932409328
94,0.0001,0.43153365169252667,0.7404428304593542,0.5988266638347081,0.546938698266536,0.7044554136770408
95,0.0001,0.41342292371250333,0.7650879200303865,0.5314575376964751,0.6323128999554257,0.7729600644858853
96,0.0001,0.4372760767028445,0.7222881212864188,0.5626359950928461,0.5923342979893443,0.7383103605052951
97,0.0001,0.4182439630939847,0.7583614435349667,0.5430949188414074,0.5850802298846065,0.7354746035692932
98,0.0001,0.42606628792626516,0.7392001281205274,0.5378099027134123,0.6035478709674263,0.7491016946304736
99,0.0001,0.4173328564280555,0.7410974478900103,0.5751498965989976,0.5568042223245365,0.7137098112672311
100,0.0001,0.4162059298583439,0.7494362275151831,0.5381674440134139,0.5794580732983763,0.7296874986049611
101,0.0001,0.4185234762373425,0.7419267991056022,0.5701623388699123,0.5766547165722491,0.7252055408209955
102,0.0001,0.408862251610983,0.7495875499067033,0.5540012234733218,0.5882442467868925,0.736625797579648
103,0.0001,0.40349280550366357,0.755858234379288,0.5699207215082078,0.5659504113869658,0.7183965433270144
104,0.0001,0.4065333420322055,0.7398507271275901,0.5393517329579308,0.5933524082063993,0.7411731261205994
105,0.0001,0.3997372019858587,0.7543422010099935,0.5209724136761257,0.6033196592616442,0.7485776534254163
106,0.0001,0.4012350979305449,0.7381917372306093,0.5460263660975865,0.5685746103143099,0.7226746718405923
107,0.0001,0.41601566189811345,0.724194380275579,0.6657624670437404,0.4734815458143607,0.6410836982622078
108,0.0001,0.3962797863142831,0.7406402708506963,0.5901695617607662,0.5434151909030621,0.69823413449971
109,0.0001,0.38593063184193205,0.7655039410950745,0.5850442278952825,0.5449717241000382,0.7033479128137544
110,0.0001,0.3837044196469443,0.7611141669129301,0.49416589736938477,0.6150206863717379,0.7602910578957298
111,0.0001,0.40070473438217524,0.7389616496862028,0.5533175383295331,0.5636580265499151,0.7159995273922531
112,0.0001,0.40120573128972736,0.7240104304966503,0.5541942658878508,0.5388838150891659,0.6935657376095805
113,0.0001,0.3977343312331608,0.7281040424080375,0.5239594578742981,0.5910800487432485,0.7379250348741813
114,0.0001,0.37481404344240826,0.7671560590232731,0.5786723650637127,0.5328394113957761,0.6877499524101587
115,0.0001,0.36927533007803415,0.7651320518801668,0.542813553696587,0.581668724954455,0.732913338939305
116,0.0001,0.3802795225665683,0.7478120598354755,0.5276988645394644,0.586947775013715,0.7355584572220606
117,0.0001,0.3795263994307745,0.7537185226327641,0.5265316239425114,0.5762158405948122,0.725705252350748
118,0.0001,0.3695209480467297,0.7607824289542803,0.5558171712216877,0.5610354447678161,0.7106847667360998
119,0.0001,0.39074315485500155,0.729023292440005,0.5522357055119106,0.555096165072394,0.7090417328350499
120,0.0001,0.3657732960723695,0.7645004537320167,0.5397166382698786,0.5732399834626568,0.7238506075317299
121,0.0001,0.35786227669034687,0.7616131725714572,0.6031227026666913,0.5222335083058004,0.6747125978403837
122,0.0001,0.3641685531252906,0.7542103465963185,0.48434724126543316,0.6246018725273537,0.7654681140256168
123,0.0001,0.34308230025427683,0.7808768382736728,0.5231535463106065,0.5827279297961566,0.7332232545608853
124,0.0001,0.3439570864041646,0.7757754780346262,0.597577520779201,0.5207494458939561,0.6815023895270361
125,0.0001,0.34056709635825383,0.7796666321447393,0.5045634891305651,0.5951682611277977,0.7428871355319151
126,0.0001,0.33186347782611847,0.7944799552837177,0.5351526793979463,0.570181774745406,0.7219841325358571
127,0.0001,0.32983312507470447,0.7915370405191088,0.4467641469978151,0.6525671122008125,0.7875043809339249
128,0.0001,0.3681345582008362,0.738101527163978,0.5322937440304529,0.5713691901712794,0.7209735093350459
129,0.0001,0.35507378975550336,0.7427792551919842,0.5339127878348032,0.5583775427673145,0.7131993543140576
130,0.0001,0.34276083253678824,0.7715288965257905,0.5670851100058782,0.54840856591476,0.7070568184038601
131,0.0001,0.33307186762491864,0.7718330074760854,0.4901133718944731,0.5969772259530572,0.7433559916795806
132,0.0001,0.32004467575323015,0.7930546984714562,0.5518056551615397,0.5497412535799403,0.7033799981262355
133,0.0001,0.3235397076322919,0.786554892830692,0.5079680936677116,0.5856784603976288,0.7352362941159996
134,0.0001,0.34115843900612425,0.7644997390190073,0.5819983539127168,0.5332345665845645,0.6899349746000082
135,0.0001,0.3374282235190982,0.7589696152913921,0.4537189020997002,0.6333509281624151,0.7727995241362547
136,0.0001,0.33866738492534276,0.7617352604683622,0.452293377547037,0.6341907872689733,0.7726429273398038
137,0.0001,0.3247779309749603,0.7727052531965628,0.513550497236706,0.5781111520658195,0.7255616938777166
138,0.0001,0.3085048496723175,0.792121547509967,0.46730823460079374,0.6108265684770353,0.7538353611889471
139,0.0001,0.31730103492736816,0.784070165779923,0.4607332746187846,0.6165854485676882,0.7596973341895359
140,0.0001,0.3185989743187314,0.7826172150417923,0.5025324069318318,0.5839721990379452,0.7351672502339548
141,0.0001,0.3138728752022698,0.7931451164082449,0.48845466403734117,0.6013187228394601,0.7482841956417821
142,0.0001,0.3069011263904117,0.7951692035492967,0.47931614943913053,0.6107224193964947,0.7530612157027795
143,0.0001,0.2883861951884769,0.8143458656029621,0.47327675280116854,0.6067381670118943,0.7512472946985002
144,0.0001,0.2989199012517929,0.791237883120713,0.49115643047151114,0.5952920505800696,0.741671433904232
145,0.0001,0.30502221910726457,0.7907900424342436,0.4672334208374932,0.6068438405607145,0.7507862388642957
146,0.0001,0.2943791505836305,0.7937481817046029,0.4741752261207217,0.611743910610302,0.7565636418535043
147,0.0001,0.2935325829755692,0.8019560269959631,0.48162328345435007,0.5951602168706778,0.7437948711161918
148,0.0001,0.2876515828427814,0.8039903698920938,0.5089569645268577,0.5632289129156003,0.716196740278386
149,0.0001,0.3045563264971688,0.7777893151177175,0.4577760554495312,0.6168898998462505,0.7604882984526791
150,0.0001,0.2976028330269314,0.7920515574141325,0.49338085594631376,0.5624420289343981,0.7185990306873036
151,0.0001,0.2969787021478017,0.7894524660697848,0.5247231480621156,0.5539395746150464,0.7104768091999786
152,0.0001,0.2975050998585565,0.7836994356908966,0.5226703612577348,0.5447689201061537,0.7034767368212999
153,0.0001,0.2967584885302044,0.7775005293076787,0.45965159790856497,0.618022442803294,0.7606300991601992
154,0.0001,0.3077758607410249,0.7666334727087589,0.5616933675039382,0.5401483857250503,0.698338177837608
155,0.0001,0.3038451749654043,0.7772581896570452,0.4564629566101801,0.6095733534604305,0.7545597780630501
156,0.0001,0.28932924781526836,0.7923724040958318,0.4583966675258818,0.6063857112176034,0.7526997106410768
157,0.0001,0.2709656733842123,0.8112045543121646,0.4751856525739034,0.6105223594222481,0.7555739475503396
158,0.0001,0.2858832123733702,0.8046388098047672,0.44121465938431875,0.6318008648600137,0.7700261401665041
159,0.0001,0.28162404114291784,0.7930885316864976,0.5011215380259922,0.5568974633159905,0.7109702379470321
160,0.0001,0.2886695336727869,0.7891015979726884,0.5441167170093173,0.5211178844702415,0.6772443771047161
161,0.0001,0.28026275407700313,0.7930752159248559,0.4475073161579314,0.6251220985629052,0.7653655722175075
162,0.0001,0.2651625013067609,0.8088947646437532,0.4629039466381073,0.6109194288434224,0.755026061219907
163,0.0001,0.2834138948292959,0.7870719623788616,0.49374369496390935,0.5554528479785888,0.7104423253041111
164,0.0001,0.2649504662979217,0.8105324548745045,0.4839944058940524,0.5809471436962369,0.7305674272962129
165,0.0001,0.28306737613110317,0.7828810466144338,0.45157772870290847,0.6110786511009902,0.7536702542356869
166,0.0001,0.2707726167781012,0.801812971286122,0.46844330571946646,0.6051080252840741,0.7514106785603734
167,0.0001,0.2666963189840317,0.8003441475904157,0.4744313061237335,0.5886153159446519,0.7357292121932263
168,0.0001,0.2588793145758765,0.8145616488037432,0.44082942605018616,0.6303221568435734,0.7694813984548092
169,0.0001,0.24686285569554284,0.822293799344337,0.4491537951287769,0.613989288620926,0.7553702806367656
170,0.0001,0.2545041867664882,0.8068900253000694,0.4225843790031615,0.6417750984893454,0.7791241498312763
171,0.0001,0.24921251904396785,0.8197102389674178,0.44134504738308133,0.6117532105697765,0.7536622217165914
172,0.0001,0.247348319206919,0.8213730206186799,0.43338825305302936,0.6250585900194723,0.7650613612706458
173,0.0001,0.24544904842263177,0.8223697317268017,0.45522707842645194,0.6097392410991664,0.7524051301643224
174,0.0001,0.23744854118142808,0.8402795111812205,0.43097913407144095,0.6332901971225271,0.7724678036000687
175,0.0001,0.24005579309804098,0.827713977737482,0.487872702734811,0.5739665688566651,0.7226172519010914
176,0.0001,0.24479473346755617,0.8270918407593386,0.4229410361675989,0.6373827323015363,0.7772014421289668
177,0.0001,0.24266498926140012,0.8206241035179648,0.4337550699710846,0.6258573795340963,0.7676497906606857
178,0.0001,0.2296322768642789,0.8335687834830868,0.44710445120221093,0.6036529684080143,0.747903133483171
179,0.0001,0.25075954624584745,0.8145745208788856,0.43361207133247737,0.6219083891590577,0.7628184069508163
180,0.0001,0.236480414157822,0.8282563807539082,0.451267557484763,0.6232286826123729,0.7635821713883365
181,0.0001,0.23179190286568233,0.8331615064091624,0.4184246517363049,0.6264183240557296,0.7685109382114581
182,0.0001,0.23638079492818742,0.8250443189232503,0.4733731434458778,0.6024273036665294,0.7448307924310511
183,0.0001,0.23372154292606173,0.8282301050042988,0.4404665387812115,0.6271327226168799,0.7687763441482858
184,0.0001,0.23773139786152614,0.8208246208335312,0.48463103884742376,0.5707064974796867,0.7225783780835421
185,0.0001,0.23862860174406142,0.8204546911937972,0.45929216487067087,0.5960904743493052,0.7418135635825323
186,0.0001,0.24216044800622122,0.8122889082285438,0.4625524750777653,0.5922016247966616,0.7405472056456978
187,0.0001,0.22240369660513742,0.8398880868072526,0.4630755995001112,0.5810051762839409,0.731106398181419
188,0.0001,0.22730694924082076,0.8230790005528981,0.46577319715704235,0.5827004191243101,0.7319511282798934
189,0.0001,0.21768538370018914,0.846449292752275,0.44077391851515996,0.6143461470623054,0.7589883853302998
190,0.0001,0.22600559038775309,0.8318481095660434,0.43751428240821477,0.6069772252860899,0.7518266724836509
191,0.0001,0.21093676345688955,0.8493649971574674,0.44564843035879587,0.6051461605676947,0.7514002164446757
192,0.0001,0.21949392840975807,0.8307850086862452,0.42085695550555274,0.6302293850709204,0.7692472337973074
193,0.0001,0.2211546997229258,0.8346362810741558,0.4053815461340405,0.640226909646661,0.7775506340026472
194,0.0001,0.21225892858845846,0.8424226372578408,0.4155232608318329,0.6305810502808792,0.7719879473336642
195,0.0001,0.20943585605848403,0.8463784460667111,0.4224617765063331,0.6300789933009024,0.7706625883088071
196,0.0001,0.2121655564932596,0.8428939826701787,0.42460219916843234,0.6308245706181864,0.7705818490235727
197,0.0001,0.20882439684300197,0.8482479949169095,0.44504596009140923,0.6005296453500215,0.746410514888712
198,0.0001,0.21935347077392398,0.8352996172760475,0.43989509982722147,0.604543149787735,0.7498909064262693
199,0.0001,0.2149742486931029,0.8352684540163661,0.4531705705892472,0.6004033423040849,0.7459452261433618
200,0.0001,0.2091814535004752,0.8393586062924043,0.4298794177316484,0.6259237986051459,0.7658817125487216
201,0.0001,0.2194461595444452,0.8246530682126344,0.45291787953603835,0.5941084186705359,0.7425024549540593
202,0.0001,0.21173103011789776,0.8363890116961405,0.42186958378269557,0.6055450093352106,0.7514055339668191
203,0.0001,0.21585829059282938,0.8342150594201218,0.4140565877869016,0.6313037196322278,0.7705647333604704
204,0.0001,0.2060007346527917,0.8425288088153466,0.4245252616348721,0.6192664065470265,0.7609937250895251
205,0.0001,0.21021040280659994,0.8406028788168266,0.43836600865636555,0.602308692832342,0.7471158011854052
206,0.0001,0.19960289909726098,0.8511490335028798,0.4761978941304343,0.5653486626586259,0.7172164560917483
207,0.0001,0.1953824581134887,0.8494355655427859,0.46638831212407067,0.5787483131525637,0.7286257218825123
208,0.0001,0.19389291107654572,0.854499746577011,0.4252510049513408,0.6193774129723902,0.7617408594938765
209,0.0001,0.1989887466742879,0.8509570634973859,0.42042753384226844,0.6230927482948002,0.7650609051426972
210,0.0001,0.2096793254216512,0.833058871337465,0.4375758022069931,0.6005279596384299,0.7460563388805106
211,0.0001,0.20208276240598588,0.8403230786192252,0.418170208022708,0.622140954423906,0.7628578298338162
212,0.0001,0.18455271706694648,0.8640767459794745,0.4307583102158138,0.6155369680538187,0.7590020991341324
213,0.0001,0.19416887916269757,0.8541019711847685,0.42519405484199524,0.6196476860238538,0.7609505549623948
214,0.0001,0.18531604465984164,0.8569824911825689,0.4285441076471692,0.6112006936417694,0.7535724146379853
215,0.0001,0.18553624195711954,0.8612455644100886,0.4412187288204829,0.6055955041651108,0.7493196484806453
216,0.0001,0.17718684247561864,0.8675422758088113,0.4168111447777067,0.6372877000834085,0.7765129581502705
217,0.0001,0.18484812549182347,0.8618834898816917,0.4148405478114173,0.6355227464374688,0.7748893006995707
218,0.0001,0.18737336567470006,0.8570187402022185,0.40595016451109023,0.6373420870593114,0.7758496477070502
219,0.0001,0.19374989895593553,0.857174215324382,0.420358107203529,0.6227039211852867,0.7641148943637026
220,0.0001,0.17513894538084665,0.8676725961315099,0.445893522529375,0.6020839395076133,0.7478667209655215
221,0.0001,0.17555857378812062,0.867920759993801,0.4269259550741741,0.6186258665353529,0.7612009497791221
222,0.0001,0.17767896467731112,0.8663094954195236,0.42853311555726187,0.6101480327542194,0.7523595566358562
223,0.0001,0.1882880734545844,0.8494406589124882,0.43635043288980213,0.6007200522687077,0.7489593701349664
224,0.0001,0.18376615075838,0.8593511552752486,0.4513397571586427,0.5930156852656291,0.7403209933874396
225,0.0001,0.18224948147932687,0.8599374267867664,0.4285918367760522,0.6080127611485839,0.7520927139264568
226,0.0001,0.1808325478008815,0.8585958198211957,0.4278578460216522,0.6189212241185211,0.7626732064869438
227,0.0001,0.17798648206960588,0.86402774123997,0.44093720543952214,0.5957016162998195,0.7434927159315763
228,0.0001,0.19114004572232565,0.8482571056770399,0.5301993212529591,0.5326898187683388,0.688824534612971
229,0.0001,0.1877295658701942,0.8503167777238817,0.44137908873103915,0.6022403593895109,0.7479233779634752
230,0.0001,0.1907595388946079,0.8493658544703121,0.4333873391151428,0.6048959327257005,0.7498131589279199
231,0.0001,0.18028817290351504,0.8549685940688219,0.41985133432206656,0.6206756405910697,0.7622164381379755
232,0.0001,0.17349685444718316,0.8672089100415803,0.4139637691634042,0.6293359459609414,0.7672704880851315
233,0.0001,0.18401722042333513,0.8603490692382986,0.43030008531752084,0.6068076396294725,0.7501015084748104
234,0.0001,0.17111501558905556,0.8696314182360271,0.43570838088081,0.6029490720629046,0.7470504096755274
235,0.0001,0.17326463829903377,0.8628843081164839,0.42123278904528844,0.6139651913925246,0.7563816671204114
236,0.0001,0.17124580095211664,0.865686858277885,0.427414045447395,0.6091623296526523,0.7527625507196551
237,0.0001,0.17004914368901933,0.8677161903701519,0.4240098425320217,0.6169284407069434,0.7582117947433953
238,0.0001,0.1695835292339325,0.8675939193634052,0.410208156421071,0.625092793455746,0.7658368530196646
239,0.0001,0.16684869641349429,0.8693086093376604,0.4240733115446,0.6135649622961405,0.7578343995434504
240,0.0001,0.17417331962358384,0.8596193362595157,0.42356219532943906,0.6105099084176607,0.7536351142784754
241,0.0001,0.16401756732236772,0.8742076700643114,0.42021019189130693,0.6155556332405816,0.7589668090511731
242,0.0001,0.16431954219227746,0.8741556660420354,0.42189174606686547,0.6121495611580963,0.7566263868847377
243,0.0001,0.16146404792865118,0.8735672634819577,0.4182505316677548,0.6243580628791154,0.7649818376506136
244,0.0001,0.1642147224573862,0.8703803366926098,0.45025119965984706,0.5867114053769094,0.7357375206953364
245,0.0001,0.15646458168824515,0.8792848900693597,0.43224301579452695,0.6036471644592337,0.748964899442952
246,0.0001,0.15543448676665625,0.8780852554277917,0.41612860844248817,0.6149857869423175,0.7585913798290876
247,0.0001,0.1573747041679564,0.8789843574469874,0.4199631128992353,0.6133712630269075,0.7573471537697964
248,0.0001,0.17476838969049,0.8605657052808534,0.4363542227517991,0.5966743173506092,0.7421815613045717
249,0.0001,0.17182053483667828,0.8633788804093834,0.43592502176761627,0.6071807463814353,0.7505835731447619
250,0.0001,0.16533373509134566,0.8701165265483986,0.43411015683696386,0.603482941177567,0.749743563095831
251,0.0001,0.15725077156509673,0.8762994056265642,0.4368189119157337,0.6069855242173874,0.7515255436262644
252,0.0001,0.15425964090086164,0.8786196280726811,0.4353195499806177,0.602528960132412,0.7458167090233163
253,0.0001,0.1664382063207172,0.8672140904476048,0.4543282488981883,0.5813733500204546,0.7297861488625775
254,0.0001,0.1521504003377188,0.8827637006987882,0.43451111515363056,0.5991066861066466,0.7448983526866945
255,0.0001,0.16620977293877376,0.8670677774221335,0.44957590386981056,0.58859536675956,0.7360358052653128
256,0.0001,0.1573525376263119,0.8723355606573571,0.447688258829571,0.584512323648196,0.733056212854818
257,0.0001,0.14929348123925074,0.8831191053524721,0.43785262675512404,0.6071451109645342,0.7500439019289624
258,0.0001,0.15109908900090627,0.8820394702562586,0.44578214415482115,0.5840723733678298,0.7324158592953535
259,0.0001,0.15434633443752924,0.8809819491120257,0.4164025740964072,0.6193551591670305,0.7618723423590437
260,0.0001,0.14981219562746229,0.8808398474316268,0.42460946100098745,0.6141766358452543,0.7563899299102411
261,0.0001,0.14588943585043862,0.8806747360583128,0.42538294267086757,0.6090034041901765,0.7520786265525491
262,0.0001,0.1484264869775091,0.8862034575690286,0.4241140193882443,0.6154235819939394,0.7563574715784516
263,0.0001,0.1538387764067877,0.8754871111433984,0.4147526217358453,0.6179746690223256,0.7598891394150454
264,0.0001,0.15903758576938085,0.8729394112451474,0.43335358017966863,0.5932125883982494,0.7409312588796081
265,0.0001,0.1443737738189243,0.8821225916687011,0.4395591304415748,0.588454382580885,0.7364685836461419
266,0.0001,0.14206641806023462,0.887357483602902,0.4070248128402801,0.6255130030526339,0.7662327620706089
267,0.0001,0.15017025562978925,0.8773438257723422,0.45012698145139785,0.5891740022585908,0.7359813342382899
268,0.0001,0.15197612167823882,0.8766253615271896,0.44821525116761524,0.5873080382691058,0.7352589654490543
269,0.0001,0.14263519502821423,0.8866466404843469,0.4349460630189805,0.5925906156021589,0.735957367736525
270,0.0001,0.1482705981248901,0.8803452146688903,0.42441935482479276,0.6038474464783505,0.7490643075589138
271,0.0001,0.1480351998692467,0.8811530581441754,0.4292333722114563,0.6046188354134482,0.7500535411021589
272,0.0001,0.13886823327768416,0.8908422767480744,0.43986217251845766,0.5915869398095204,0.7386890736509834
273,0.0001,0.1434615037980534,0.8856775817020791,0.44391438435940517,0.5880321344608361,0.7354076265034383
274,0.0001,0.14474780538252421,0.8844800194452963,0.41138426533767153,0.6208710589511318,0.7621389209932797
275,0.0001,0.14244497460978373,0.8837220230599133,0.420047599644888,0.6099451120266194,0.754104282867754
276,0.0001,0.14122884649605977,0.8871425707119074,0.4247036994922729,0.611284343939597,0.7527650321856231
277,0.0001,0.14417999840918042,0.8828816125403007,0.4346644218478884,0.5997813943820139,0.7448946110525012
278,0.0001,0.14667206576892308,0.8848126490548411,0.4346593561626616,0.6047906485581572,0.7484588275635665
279,0.0001,0.1376796244155793,0.8892995421294578,0.4359917115597498,0.5954685576954718,0.7422890828561038
280,0.0001,0.1456775250179427,0.8810665231175189,0.4346554967619124,0.5973550038411156,0.7417496765737115
281,0.0001,0.13807313428038642,0.8901655630203901,0.43952328250521705,0.5922085115013134,0.7380460963875697
282,0.0001,0.13410624861717224,0.8937753243949855,0.45900270697616397,0.5796860743677213,0.7280764101085908
283,0.0001,0.13433471499454408,0.8951098244340192,0.4409322738647461,0.5937908333381745,0.7402145003732455
284,0.0001,0.13554132552373976,0.8897478576048786,0.4284295496486482,0.6054749855518266,0.7490197864596849
285,0.0001,0.13682927581525983,0.8926272309080758,0.4328266531229019,0.5997831840264594,0.7442884136952886
286,0.0001,0.1314186929237275,0.8936982811612346,0.43271291681698393,0.5937610760626907,0.7406136262678116
287,0.0001,0.13513115367719106,0.8914808620251231,0.4422308937424705,0.5861321043511625,0.7351686283432904
288,0.0001,0.12875803382623763,0.8985159178983017,0.4471069191183363,0.5838754249441104,0.7330083224817452
289,0.0001,0.13555585699422018,0.8893536191646247,0.43876326651800246,0.5929749379257738,0.7398295514782147
290,0.0001,0.13340281588690622,0.8913451779542582,0.43062958121299744,0.5998596405939072,0.7452817248296518
291,0.0001,0.12598385448966706,0.9000778652952675,0.4288011051359631,0.6005627363728776,0.7456997638743543
292,0.0001,0.13199125762496675,0.8959974568184731,0.42964325632367817,0.600794523585327,0.7457010478036634
293,0.0001,0.13879233172961644,0.8900065631186629,0.4301997522513072,0.6057575363408306,0.7494866565886529
294,0.0001,0.13716553222565425,0.8861796885785191,0.42913016038281576,0.6083468673926236,0.7505612943821062
295,0.0001,0.13208979332730883,0.8956744327039446,0.42220987166677204,0.6156203625769062,0.7569565435678846
296,0.0001,0.1374338741103808,0.890222098350538,0.4252782166004181,0.6175154692095496,0.7572299334439596
297,0.0001,0.12484472706204369,0.9032888242399182,0.4565029584226154,0.593099713087941,0.736769407873589
298,0.0001,0.12619276202860333,0.8992243492560493,0.4276186703216462,0.6085042528148998,0.7517660452249669
299,0.0001,0.1300570730652128,0.896972123867841,0.4425733210075469,0.5963343651222761,0.7424120979922074
300,0.0001,0.12753807646887644,0.8979980046799131,0.4280807205608913,0.6069260943028973,0.7508325388732973
301,0.0001,0.12066457988250823,0.904659675545834,0.42106598686604274,0.6116684834570312,0.75521633523538
302,0.0001,0.12377338820979708,0.9049490295378748,0.42493384579817456,0.6074867705443955,0.751391870747481
303,0.0001,0.12382944779736656,0.901802051864541,0.41668238597256796,0.6148067986598527,0.7564440815149334
304,0.0001,0.12575962429954893,0.9000586162585769,0.4159554810751052,0.6161220472811842,0.7583987036394964
305,0.0001,0.12969227986676352,0.8949182717284611,0.41669921222187223,0.6152919358901963,0.7577386431137183
306,0.0001,0.12493684604054406,0.9012099249202944,0.4163144422428949,0.6189680253165042,0.7603545629522607
307,0.0001,0.12101056178410848,0.9037663011161312,0.42426414716811406,0.6078510162662979,0.7520686769085695
308,0.0001,0.12681041480529875,0.897915629395502,0.4308432461250396,0.5988740993678957,0.7453726017114854
309,0.0001,0.11735054779620398,0.9081941799760652,0.42859049638112384,0.5993409821848998,0.7457030044313472
310,0.0001,0.11980680127938588,0.9042884615342063,0.4293196059408642,0.5996012943493041,0.7461079660157773
311,0.0001,0.11540664093835014,0.9090564164698219,0.4258483854078111,0.6048355331480179,0.7495260199375944
312,0.0001,0.11473018640563601,0.9121647475531867,0.42965148744129,0.6011249910996788,0.746770042298515
313,0.0001,0.11859388862337385,0.9066098945939358,0.42828919490178424,0.6033029994802293,0.7486169454534333
314,0.0001,0.1241697846424012,0.899336851425507,0.42719616634505136,0.6028419566315013,0.7484970418533688
315,0.0001,0.12376074528410322,0.9019071914247343,0.43396822327659246,0.5989979786270935,0.7452921416704333
316,0.0001,0.10997345227570761,0.916001180415643,0.4339566613946642,0.6016123210591465,0.746785435390691
317,0.0001,0.12383887739408583,0.9020693757085148,0.44013259524390813,0.5946035012348234,0.7408438379985791
318,0.0001,0.11885571266923632,0.9058928557465775,0.4309029011499314,0.6011784171306497,0.746004143021406
319,0.0001,0.11908413079522905,0.8999965541099462,0.43748086052281515,0.6033361206084499,0.7470655452384817
320,0.0001,0.11939731985330582,0.9057499758549316,0.4143342070636295,0.6193006982947112,0.7610264895768197
321,0.0001,0.11631130036853608,0.9092060141237542,0.42661947153863455,0.6030509631683794,0.7488126067864862
322,0.0001,0.1131896334035056,0.906315382862261,0.42258432862304507,0.6099631691491305,0.7540044060754828
323,0.0001,0.11299845966554824,0.913071064108155,0.4274453165985289,0.6085242539227279,0.7516016917251013
324,0.0001,0.11316620452063424,0.9132809476537913,0.4269718144621168,0.6116644722040413,0.7538455303907147
325,0.0001,0.10854026143039976,0.9158074454756822,0.4331196972302028,0.6040315510629041,0.7484747449075386
326,0.0001,0.11594494183858235,0.9102235229061633,0.4236929487614405,0.6087695795768736,0.7529346988484095
327,0.0001,0.11374548290457044,0.9115767156185922,0.4340594254788898,0.6004455644645181,0.7455850061497765
328,0.0001,0.11037460714578629,0.9114336907545022,0.4298654922417232,0.6033686890391765,0.7477964658661626
329,0.0001,0.11616388389042445,0.9115978825991617,0.43074751396973926,0.6031403819514034,0.7477483641585666
330,0.0001,0.11785143329983666,0.9054849979785506,0.4307949770064581,0.6046554175959505,0.7486724542945745
331,0.0001,0.11060213084731783,0.9143165908295406,0.4258586586940856,0.6094713869016699,0.7524126988987405
332,0.0001,0.11507080388920647,0.9108065786445766,0.4331142682404745,0.6054768548938713,0.749325183663817
333,0.0001,0.11578605394987833,0.9115464024938676,0.4378176743075961,0.595333476268155,0.7426606200235623
334,0.0001,0.11341904458545503,0.9104311704525953,0.42888460272834417,0.6152223670088259,0.7575904044272529
335,0.0001,0.10833670021522612,0.9135196798391779,0.43257110175632296,0.6094605748648639,0.7538529750247014
336,0.0001,0.10928340965793246,0.9148895049721324,0.4243901286806379,0.611302685395303,0.7548110147430359
337,0.0001,0.11513589606398628,0.912330854342668,0.42240351083732786,0.610066095362864,0.7538387874914791
338,0.0001,0.104385026154064,0.9160508019302304,0.43399484810375033,0.5995037217260035,0.7452301945489884
339,0.0001,0.11291705887942087,0.9080336468466638,0.42659948269526166,0.604971794191494,0.7496558997582989
340,0.0001,0.11503567901395616,0.9091875947504193,0.43793224082106635,0.5969573218993491,0.7434496657600699
341,0.0001,0.11013473570346832,0.9146007267305982,0.4396962417023523,0.6025432265469822,0.7473809505498805
342,0.0001,0.11211742141417094,0.9126986858877635,0.43700842772211346,0.6014941844399213,0.7464520139942631
343,0.0001,0.11041656668697085,0.9148605187205092,0.4323215534289678,0.6053325708192229,0.7498176053016194
344,0.0001,0.11239314611468997,0.9123920599779106,0.42854222939127967,0.6041944668219527,0.7497133735263711
345,0.0001,0.11043328153235572,0.9105316120144011,0.4288736397311801,0.6051833934586083,0.7502678935191133
346,0.0001,0.10813608942996888,0.9131305302112649,0.41592255589507876,0.6152321727987285,0.7583551663331344
347,0.0001,0.1074436665290878,0.9167439350372242,0.42121004845414844,0.6099555867313254,0.7538766591136634
348,0.0001,0.10457338853960946,0.9164965616845916,0.41614986459414166,0.612314525882074,0.7559753306215928
349,0.0001,0.11051544476123083,0.9116778169436305,0.4301300708736692,0.6041305617555502,0.7495107585765896
350,0.0001,0.10838151687667483,0.9151179688653347,0.4303861842268989,0.605418335966187,0.750237457065438
351,0.0001,0.1091035097127869,0.9115952067425762,0.42701221434842973,0.6062775040008489,0.7509598607216603
352,0.0001,0.10306109523489362,0.9198140816474767,0.43032167780966984,0.6037724586738398,0.7489200969691682
353,0.0001,0.10080631503037044,0.9213074011942255,0.43309228122234344,0.6008410996586114,0.7463003132009767
354,0.0001,0.09942932072139922,0.9204599003999456,0.42984944936775027,0.6049931050397489,0.7496390036751387
355,0.0001,0.10185883229687101,0.9208345796301849,0.422222253822145,0.6111950406336364,0.7546215047730105
356,0.0001,0.10389748215675354,0.9184838235093412,0.4216469143118177,0.6136305281722189,0.7566937806146236
357,0.0001,0.10374220567090171,0.9188977010463917,0.43056139775684904,0.604902605409424,0.749073461620139
358,0.0001,0.10344763064668291,0.9210575276751194,0.4281716481560752,0.6072713423817018,0.751205242101355
359,0.0001,0.10324867743821371,0.9196001304528585,0.4320241454101744,0.6031835635199714,0.7477094609519912
360,0.0001,0.10002134101731437,0.9214691589653906,0.42466108075210024,0.6079289409321813,0.7520008026488372
361,0.0001,0.10224200465849467,0.9208886176491462,0.42376693870340076,0.6104097275452662,0.7539119943557768
362,0.0001,0.0995085175548281,0.9246716635697809,0.4269886038133076,0.6069638446234871,0.751190116361659
363,0.0001,0.10632021547782988,0.9159908683287364,0.42709372299058096,0.6035402684173948,0.7486564092346428
364,0.0001,0.09849343697230022,0.9208672606584569,0.43462560999961125,0.6007941231902364,0.7459032711140055
365,0.0001,0.09902974253609068,0.9218589838771789,0.4306072777225858,0.6035043266440971,0.7487064382919565
366,0.0001,0.09982925688936597,0.9221838349443733,0.4347802840528034,0.6008322421684731,0.7462386420826775
367,0.0001,0.09785855419579007,0.9241095515296517,0.43258390043463024,0.6016052103666851,0.7467073672242862
368,0.0001,0.09503402773823057,0.9273201210370827,0.42796545156410765,0.6067465728013952,0.7507829186865356
369,0.0001,0.09872976548614956,0.9253281681088437,0.4273452645256406,0.6063639929466801,0.7508419169691529
370,0.0001,0.10952036827802658,0.9156639140711401,0.43717588626203086,0.5949443685225014,0.7418158538390953
371,0.0001,0.10320210385890234,0.9185474549818619,0.4249604174068996,0.6057621253460955,0.7505466411609408
372,0.0001,0.0936707513672965,0.9256252225027944,0.43174825395856586,0.6014229164445353,0.7470678781523039
373,0.0001,0.0938474273397809,0.9257165955000123,0.4316044868457885,0.6036773340778917,0.748652784142067
374,0.0001,0.09020346403121948,0.9298411881390924,0.43254993572121575,0.60371890211711,0.748496618594263
375,0.0001,0.09611093181939352,0.9242680328928975,0.4305152062858854,0.6065977415334604,0.7510918626064258
376,0.0001,0.09452759439036959,0.9270578917436941,0.42786704145726706,0.6072322628088708,0.7517212770553234
377,0.0001,0.09609675975072951,0.9269589779024263,0.43320042746407644,0.6028816718180883,0.7482162590866149
378,0.0001,0.09911657444068364,0.9220600591289344,0.4306300545022601,0.6036231214616267,0.7487861738563483
379,0.0001,0.09535090767201923,0.9278869850250625,0.43371570181278957,0.6029498904092639,0.747845743363766
380,0.0001,0.08939087142546971,0.9310108934064668,0.4319469779729843,0.6032458075088852,0.7480998796933082
381,0.0001,0.09457733836911973,0.928549698127671,0.4267625283627283,0.6075652790873083,0.752071998709017
382,0.0001,0.09372034917275111,0.9277418971681508,0.43017181541238514,0.6050787342023153,0.7500967234842614
383,0.0001,0.10397867255267643,0.9197929254913575,0.42342373657794224,0.6089751759587909,0.7535202407559211
384,0.0001,0.09879111285720553,0.9229950525743983,0.4275521004483813,0.607116454536507,0.7523823216852265
385,0.0001,0.09335905348970777,0.9293872394640139,0.42878993990875425,0.6060882689945718,0.7509352695567438
386,0.0001,0.0981717858286131,0.9249953764817075,0.434329921290988,0.6014417253536006,0.7466839580078343
387,0.0001,0.09725223623570942,0.9251566108038131,0.4317727550154641,0.6027255228120807,0.7479240425631277
388,0.0001,0.09486785105296544,0.9255502044133685,0.4273610682714553,0.607898912363426,0.7517430880538031
389,0.0001,0.09543594930853162,0.925391754764481,0.42838066248666673,0.6044122048135837,0.7495359380855922
390,0.0001,0.09517414016383034,0.9260474292470777,0.43555434899670736,0.602304527797278,0.7472028740303556
391,0.0001,0.09750966727733612,0.9225657943480453,0.43597735677446636,0.599861058694797,0.7452258887816917
392,0.0001,0.09281635887566067,0.9288087826273677,0.43109368639332907,0.6059029132919386,0.7499714105449432
393,0.0001,0.09278417414142973,0.9269459285218815,0.435929346652258,0.6015730906285969,0.7468105994203834
394,0.0001,0.097554714374599,0.9257722450288162,0.43061805410044535,0.6056018318635433,0.7503347167117461
395,0.0001,0.08912045224791482,0.9296740599453263,0.43428972860177356,0.6007742034196495,0.74645490641102
396,0.0001,0.09870847669385728,0.9229844212731131,0.4341179593687966,0.6017097320668308,0.7474222029122553
397,0.0001,0.09773530669155575,0.9233203181013143,0.43354893511249903,0.6022788257932947,0.747708005187612
398,0.0001,0.09795617028361275,0.9242084665181477,0.43589052912734805,0.600612862433274,0.7458445273703815
399,0.0001,0.08990327765544255,0.9296326906643816,0.43530005642345976,0.6003151749058,0.7456922717553222
